O0Ia0,-9.5,50000,144,166,255,160.0
O1Ia0,-9.4,47600,146,168,255,159.7
O2Ia0,-9.3,45200,148,170,255,159.4
O3Ia0,-9.2,42800,151,172,255,159.0
O4Ia0,-9.1,40400,153,174,255,158.7
O5Ia0,-9,38000,155,176,255,158.4
O6Ia0,-8.9,35400,157,178,255,136.7
O7Ia0,-8.8,32800,160,181,255,115.1
O8Ia0,-8.7,30200,162,183,255,93.4
O9Ia0,-8.6,27600,164,185,255,71.8
B0Ia0,-8.5,25000,161,189,255,50.1
B1Ia0,-8.5,23790,168,193,255,45.1
B2Ia0,-8.4,22580,177,196,255,40.1
B3Ia0,-8.4,21370,175,194,255,35.1
B4Ia0,-8.4,20160,187,203,255,30.1
B5Ia0,-8.3,18950,179,202,255,25.1
B6Ia0,-8.3,17140,191,207,255,23.2
B7Ia0,-8.2,15330,195,209,255,21.4
B8Ia0,-8.1,13520,182,206,255,19.5
B9Ia0,-8.1,11710,204,216,255,17.7
A0Ia0,-8,9900,187,206,255,15.8
A1Ia0,-8.1,9707,214,223,255,15.2
A2Ia0,-8.2,9513,199,214,255,14.5
A3Ia0,-8.3,9320,207,219,255,13.9
A4Ia0,-8.4,9127,215,224,255,13.2
A5Ia0,-8.5,8933,223,229,255,12.6
A6Ia0,-8.5,8740,219,226,255,12.6
A7Ia0,-8.6,8547,215,223,255,12.6
A8Ia0,-8.6,8353,210,221,255,12.6
A9Ia0,-8.7,8160,206,218,255,12.6
F0Ia0,-8.7,7967,202,215,255,12.6
F1Ia0,-8.8,7773,223,229,255,12.1
F2Ia0,-8.8,7580,244,243,255,11.6
F3Ia0,-8.9,7387,236,237,255,11.0
F4Ia0,-9,7193,227,231,255,10.5
F5Ia0,-9.1,7000,219,225,255,10.0
F6Ia0,-9.1,6760,255,234,252,10.0
F7Ia0,-9.2,6520,255,243,250,10.0
F8Ia0,-9.2,6280,255,252,247,10.0
F9Ia0,-9.3,6011,255,246,233,10.0
G0Ia0,-9.3,5743,255,239,219,10.0
G1Ia0,-9.3,5474,255,238,212,10.5
G2Ia0,-9.3,5206,255,236,205,11.0
G3Ia0,-9.4,4937,255,231,203,11.5
G4Ia0,-9.4,4669,255,231,193,12.0
G5Ia0,-9.5,4400,255,230,183,12.5
G6Ia0,-9.5,4343,255,227,178,12.5
G7Ia0,-9.5,4286,255,223,172,12.5
G8Ia0,-9.4,4229,255,220,167,12.5
G9Ia0,-9.4,4171,255,221,174,12.5
K0Ia0,-9.4,4114,255,221,181,12.5
K1Ia0,-9.3,4057,255,220,177,12.5
K2Ia0,-9.3,4000,255,211,135,13.3
K3Ia0,-9.3,3900,255,204,128,14.2
K4Ia0,-9.3,3800,255,201,118,15.0
K5Ia0,-9.3,3700,255,209,154,15.8
K6Ia0,-9.3,3717,255,208,152,15.8
K7Ia0,-9.3,3733,255,207,150,15.8
K8Ia0,-9.3,3750,255,206,147,15.8
K9Ia0,-9.3,3725,255,205,145,15.8
M0Ia0,-9.3,3700,255,204,143,15.8
M1Ia0,-9.3,3510,255,202,138,15.1
M2Ia0,-9.3,3320,255,193,104,14.5
M3Ia0,-9.2,3130,255,192,118,13.8
M4Ia0,-9.2,2940,255,185,104,13.2
M5Ia0,-9.2,2750,255,178,78,12.5
M6Ia0,-9.1,2560,255,171,52,12.4
M7Ia0,-9.1,2370,255,164,26,12.3
M8Ia0,-9.1,2180,255,157,0,12.1
M9Ia0,-9,1990,255,157,0,12.0
R0Ia0,-9.4,4669,255,231,193,12.0
R1Ia0,-9.4,4561,255,228,187,12.4
R2Ia0,-9.4,4453,255,225,182,12.8
R3Ia0,-9.3,4346,255,222,176,13.3
R4Ia0,-9.3,4238,255,219,171,13.7
R5Ia0,-9.3,4130,255,216,165,14.1
R6Ia0,-9.3,4023,255,213,160,14.5
R7Ia0,-9.3,3915,255,210,154,15.0
R8Ia0,-9.3,3808,255,207,149,15.4
R9Ia0,-9.3,3700,255,204,143,15.8
S0Ia0,-9.3,3700,255,204,143,15.8
S1Ia0,-9.3,3510,255,202,138,15.1
S2Ia0,-9.3,3320,255,193,104,14.5
S3Ia0,-9.2,3130,255,192,118,13.8
S4Ia0,-9.2,2940,255,185,104,13.2
S5Ia0,-9.2,2750,255,178,78,12.5
S6Ia0,-9.1,2560,255,171,52,12.4
S7Ia0,-9.1,2370,255,164,26,12.3
S8Ia0,-9.1,2180,255,157,0,12.1
S9Ia0,-9,1990,255,157,0,12.0
N0Ia0,-9.3,3700,255,204,143,15.8
N1Ia0,-9.3,3510,255,202,138,15.1
N2Ia0,-9.3,3320,255,193,104,14.5
N3Ia0,-9.2,3130,255,192,118,13.8
N4Ia0,-9.2,2940,255,185,104,13.2
N5Ia0,-9.2,2750,255,178,78,12.5
N6Ia0,-9.1,2560,255,171,52,12.4
N7Ia0,-9.1,2370,255,164,26,12.3
N8Ia0,-9.1,2180,255,157,0,12.1
N9Ia0,-9,1990,255,157,0,12.0
C0Ia0,-9.4,4669,255,231,193,12.0
C1Ia0,-9.5,4371,255,222,172,12.7
C2Ia0,-9.4,4073,255,214,150,13.5
C3Ia0,-9.3,3776,255,206,129,14.2
C4Ia0,-9.3,3478,255,198,107,15.0
C5Ia0,-9.3,3180,255,190,86,15.7
C6Ia0,-9.3,2883,255,182,64,14.8
C7Ia0,-9.2,2585,255,173,43,13.9
C8Ia0,-9.1,2288,255,165,21,12.9
C9Ia0,-9,1990,255,157,0,12.0
WC0Ia0,-9.5,50000,144,166,255,160.0
WC1Ia0,-9.4,47600,146,168,255,159.7
WC2Ia0,-9.3,45200,148,170,255,159.4
WC3Ia0,-9.2,42800,151,172,255,159.0
WC4Ia0,-9.1,40400,153,174,255,158.7
WC5Ia0,-9,38000,155,176,255,158.4
WC6Ia0,-8.9,35400,157,178,255,136.7
WC7Ia0,-8.8,32800,160,181,255,115.1
WC8Ia0,-8.7,30200,162,183,255,93.4
WC9Ia0,-8.6,27600,164,185,255,71.8
WN0Ia0,-9.5,50000,144,166,255,160.0
WN1Ia0,-9.4,47600,146,168,255,159.7
WN2Ia0,-9.3,45200,148,170,255,159.4
WN3Ia0,-9.2,42800,151,172,255,159.0
WN4Ia0,-9.1,40400,153,174,255,158.7
WN5Ia0,-9,38000,155,176,255,158.4
WN6Ia0,-8.9,35400,157,178,255,136.7
WN7Ia0,-8.8,32800,160,181,255,115.1
WN8Ia0,-8.7,30200,162,183,255,93.4
WN9Ia0,-8.6,27600,164,185,255,71.8
O0Ia,-6.7,50000,144,166,255,150.0
O1Ia,-6.7,47600,146,168,255,149.3
O2Ia,-6.8,45200,148,170,255,148.6
O3Ia,-6.8,42800,151,172,255,148.0
O4Ia,-6.9,40400,153,174,255,147.3
O5Ia,-6.9,38000,155,176,255,142.0
O6Ia,-7,35400,157,178,255,120.1
O7Ia,-7,32800,160,181,255,100.9
O8Ia,-7,30200,162,183,255,81.7
O9Ia,-7,27600,164,185,255,63.1
B0Ia,-7,25000,161,189,255,44.7
B1Ia,-7,23790,168,193,255,40.0
B2Ia,-7,22580,177,196,255,35.2
B3Ia,-7.1,21370,175,194,255,30.5
B4Ia,-7,20160,187,203,255,26.2
B5Ia,-7,18950,179,202,255,21.9
B6Ia,-7,17140,191,207,255,20.2
B7Ia,-7.1,15330,195,209,255,18.6
B8Ia,-7.2,13520,182,206,255,16.9
B9Ia,-7.3,11710,204,216,255,15.3
A0Ia,-7.4,9900,187,206,255,13.7
A1Ia,-7.5,9707,214,223,255,13.1
A2Ia,-7.6,9513,199,214,255,12.5
A3Ia,-7.7,9320,207,219,255,12.0
A4Ia,-7.8,9127,215,224,255,11.4
A5Ia,-8,8933,223,229,255,10.8
A6Ia,-8.2,8740,219,226,255,10.8
A7Ia,-8.4,8547,215,223,255,10.8
A8Ia,-8.5,8353,210,221,255,10.8
A9Ia,-8.5,8160,206,218,255,10.8
F0Ia,-8.5,7967,202,215,255,10.8
F1Ia,-8.5,7773,223,229,255,10.3
F2Ia,-8.4,7580,244,243,255,9.9
F3Ia,-8.4,7387,236,237,255,9.4
F4Ia,-8.3,7193,227,231,255,9.0
F5Ia,-8.2,7000,219,225,255,8.6
F6Ia,-8.1,6760,255,234,252,8.6
F7Ia,-8,6520,255,243,250,8.5
F8Ia,-7.9,6280,255,252,247,8.5
F9Ia,-7.9,6011,255,246,233,8.5
G0Ia,-7.8,5743,255,239,219,6.3
G1Ia,-7.8,5474,255,238,212,6.6
G2Ia,-7.7,5206,255,236,205,6.9
G3Ia,-7.7,4937,255,231,203,7.2
G4Ia,-7.7,4669,255,231,193,7.5
G5Ia,-7.6,4400,255,230,183,7.8
G6Ia,-7.6,4343,255,227,178,7.9
G7Ia,-7.6,4286,255,223,172,8.0
G8Ia,-7.5,4229,255,220,167,8.1
G9Ia,-7.5,4171,255,221,174,8.1
K0Ia,-7.5,4114,255,221,181,8.2
K1Ia,-7.4,4057,255,220,177,8.3
K2Ia,-7.4,4000,255,211,135,8.8
K3Ia,-7.4,3900,255,204,128,9.4
K4Ia,-7.3,3800,255,201,118,9.9
K5Ia,-7.3,3700,255,209,154,10.4
K6Ia,-7.3,3717,255,208,152,10.6
K7Ia,-7.2,3733,255,207,150,10.7
K8Ia,-7.2,3750,255,206,147,10.9
K9Ia,-7.2,3725,255,205,145,11.1
M0Ia,-7.2,3700,255,204,143,13.3
M1Ia,-7.1,3510,255,202,138,12.7
M2Ia,-7.1,3320,255,193,104,12.1
M3Ia,-7.1,3130,255,192,118,11.6
M4Ia,-7,2940,255,185,104,11.0
M5Ia,-7,2750,255,178,78,10.5
M6Ia,-7,2560,255,171,52,10.3
M7Ia,-6.9,2370,255,164,26,10.2
M8Ia,-6.9,2180,255,157,0,10.1
M9Ia,-6.9,1990,255,157,0,10.0
R0Ia,-7.7,4669,255,231,193,10.2
R1Ia,-7.6,4561,255,228,187,10.5
R2Ia,-7.6,4453,255,225,182,10.8
R3Ia,-7.5,4346,255,222,176,11.2
R4Ia,-7.5,4238,255,219,171,11.5
R5Ia,-7.4,4130,255,216,165,11.9
R6Ia,-7.4,4023,255,213,160,12.2
R7Ia,-7.3,3915,255,210,154,12.6
R8Ia,-7.3,3808,255,207,149,12.9
R9Ia,-7.2,3700,255,204,143,13.3
S0Ia,-7.2,3700,255,204,143,13.3
S1Ia,-7.1,3510,255,202,138,12.7
S2Ia,-7.1,3320,255,193,104,12.1
S3Ia,-7.1,3130,255,192,118,11.6
S4Ia,-7,2940,255,185,104,11.0
S5Ia,-7,2750,255,178,78,10.5
S6Ia,-7,2560,255,171,52,10.3
S7Ia,-6.9,2370,255,164,26,10.2
S8Ia,-6.9,2180,255,157,0,10.1
S9Ia,-6.9,1990,255,157,0,10.0
N0Ia,-7.2,3700,255,204,143,13.3
N1Ia,-7.1,3510,255,202,138,12.7
N2Ia,-7.1,3320,255,193,104,12.1
N3Ia,-7.1,3130,255,192,118,11.6
N4Ia,-7,2940,255,185,104,11.0
N5Ia,-7,2750,255,178,78,10.5
N6Ia,-7,2560,255,171,52,10.3
N7Ia,-6.9,2370,255,164,26,10.2
N8Ia,-6.9,2180,255,157,0,10.1
N9Ia,-6.9,1990,255,157,0,10.0
C0Ia,-7.7,4669,255,231,193,10.2
C1Ia,-7.6,4371,255,222,172,10.8
C2Ia,-7.5,4073,255,214,150,11.4
C3Ia,-7.4,3776,255,206,129,12.0
C4Ia,-7.3,3478,255,198,107,12.6
C5Ia,-7.3,3180,255,190,86,13.2
C6Ia,-7.2,2883,255,182,64,12.4
C7Ia,-7.1,2585,255,173,43,11.6
C8Ia,-7,2288,255,165,21,10.8
C9Ia,-6.9,1990,255,157,0,10.0
WC0Ia,-6.7,50000,144,166,255,150.0
WC1Ia,-6.7,47600,146,168,255,149.3
WC2Ia,-6.8,45200,148,170,255,148.6
WC3Ia,-6.8,42800,151,172,255,148.0
WC4Ia,-6.9,40400,153,174,255,147.3
WC5Ia,-6.9,38000,155,176,255,142.0
WC6Ia,-7,35400,157,178,255,120.1
WC7Ia,-7,32800,160,181,255,100.9
WC8Ia,-7,30200,162,183,255,81.7
WC9Ia,-7,27600,164,185,255,63.1
WN0Ia,-6.7,50000,144,166,255,150.0
WN1Ia,-6.7,47600,146,168,255,149.3
WN2Ia,-6.8,45200,148,170,255,148.6
WN3Ia,-6.8,42800,151,172,255,148.0
WN4Ia,-6.9,40400,153,174,255,147.3
WN5Ia,-6.9,38000,155,176,255,142.0
WN6Ia,-7,35400,157,178,255,120.1
WN7Ia,-7,32800,160,181,255,100.9
WN8Ia,-7,30200,162,183,255,81.7
WN9Ia,-7,27600,164,185,255,63.1
O0Ib,-6.5,50000,144,166,255,140.0
O1Ib,-6.5,47600,146,168,255,139.0
O2Ib,-6.5,45200,148,170,255,137.9
O3Ib,-6.5,42800,151,172,255,136.9
O4Ib,-6.5,40400,153,174,255,135.8
O5Ib,-6.5,38000,155,176,255,125.6
O6Ib,-6.4,35400,157,178,255,103.5
O7Ib,-6.3,32800,160,181,255,86.7
O8Ib,-6.2,30200,162,183,255,69.9
O9Ib,-6.1,27600,164,185,255,54.5
B0Ib,-6,25000,161,189,255,39.2
B1Ib,-5.9,23790,168,193,255,34.8
B2Ib,-5.9,22580,177,196,255,30.4
B3Ib,-5.8,21370,175,194,255,25.9
B4Ib,-5.8,20160,187,203,255,22.3
B5Ib,-5.7,18950,179,202,255,18.7
B6Ib,-5.6,17140,191,207,255,17.2
B7Ib,-5.5,15330,195,209,255,15.8
B8Ib,-5.5,13520,182,206,255,14.3
B9Ib,-5.4,11710,204,216,255,12.9
A0Ib,-5.3,9900,187,206,255,11.5
A1Ib,-5.3,9707,214,223,255,11.0
A2Ib,-5.2,9513,199,214,255,10.5
A3Ib,-5.2,9320,207,219,255,10.0
A4Ib,-5.1,9127,215,224,255,9.5
A5Ib,-5.1,8933,223,229,255,9.0
A6Ib,-5.1,8740,219,226,255,9.0
A7Ib,-5.1,8547,215,223,255,9.0
A8Ib,-5.1,8353,210,221,255,9.0
A9Ib,-5.1,8160,206,218,255,9.0
F0Ib,-5.1,7967,202,215,255,8.9
F1Ib,-5.1,7773,223,229,255,8.6
F2Ib,-5,7580,244,243,255,8.2
F3Ib,-5,7387,236,237,255,7.9
F4Ib,-4.9,7193,227,231,255,7.5
F5Ib,-4.9,7000,219,225,255,7.1
F6Ib,-4.9,6760,255,234,252,7.1
F7Ib,-4.8,6520,255,243,250,7.1
F8Ib,-4.8,6280,255,252,247,7.1
F9Ib,-4.7,6011,255,246,233,7.0
G0Ib,-4.7,5743,255,239,219,2.5
G1Ib,-4.7,5474,255,238,212,2.6
G2Ib,-4.7,5206,255,236,205,2.8
G3Ib,-4.6,4937,255,231,203,2.9
G4Ib,-4.6,4669,255,231,193,3.0
G5Ib,-4.6,4400,255,230,183,3.2
G6Ib,-4.6,4343,255,227,178,3.3
G7Ib,-4.6,4286,255,223,172,3.5
G8Ib,-4.7,4229,255,220,167,3.6
G9Ib,-4.7,4171,255,221,174,3.8
K0Ib,-4.7,4114,255,221,181,3.9
K1Ib,-4.7,4057,255,220,177,4.1
K2Ib,-4.8,4000,255,211,135,4.3
K3Ib,-4.9,3900,255,204,128,4.6
K4Ib,-5,3800,255,201,118,4.8
K5Ib,-5.1,3700,255,209,154,5.0
K6Ib,-5.2,3717,255,208,152,5.3
K7Ib,-5.3,3733,255,207,150,5.7
K8Ib,-5.3,3750,255,206,147,6.0
K9Ib,-5.4,3725,255,205,145,6.3
M0Ib,-5.5,3700,255,204,143,10.7
M1Ib,-5.5,3510,255,202,138,10.2
M2Ib,-5.5,3320,255,193,104,9.8
M3Ib,-5.5,3130,255,192,118,9.3
M4Ib,-5.5,2940,255,185,104,8.9
M5Ib,-5.5,2750,255,178,78,8.4
M6Ib,-5.4,2560,255,171,52,8.3
M7Ib,-5.3,2370,255,164,26,8.2
M8Ib,-5.1,2180,255,157,0,8.1
M9Ib,-5,1990,255,157,0,8.0
R0Ib,-4.6,4669,255,231,193,8.3
R1Ib,-4.6,4561,255,228,187,8.6
R2Ib,-4.7,4453,255,225,182,8.8
R3Ib,-4.7,4346,255,222,176,9.1
R4Ib,-4.8,4238,255,219,171,9.4
R5Ib,-5,4130,255,216,165,9.6
R6Ib,-5.3,4023,255,213,160,9.9
R7Ib,-5.4,3915,255,210,154,10.2
R8Ib,-5.4,3808,255,207,149,10.4
R9Ib,-5.5,3700,255,204,143,10.7
S0Ib,-5.5,3700,255,204,143,10.7
S1Ib,-5.5,3510,255,202,138,10.2
S2Ib,-5.5,3320,255,193,104,9.8
S3Ib,-5.5,3130,255,192,118,9.3
S4Ib,-5.5,2940,255,185,104,8.9
S5Ib,-5.5,2750,255,178,78,8.4
S6Ib,-5.4,2560,255,171,52,8.3
S7Ib,-5.3,2370,255,164,26,8.2
S8Ib,-5.1,2180,255,157,0,8.1
S9Ib,-5,1990,255,157,0,8.0
N0Ib,-5.5,3700,255,204,143,10.7
N1Ib,-5.5,3510,255,202,138,10.2
N2Ib,-5.5,3320,255,193,104,9.8
N3Ib,-5.5,3130,255,192,118,9.3
N4Ib,-5.5,2940,255,185,104,8.9
N5Ib,-5.5,2750,255,178,78,8.4
N6Ib,-5.4,2560,255,171,52,8.3
N7Ib,-5.3,2370,255,164,26,8.2
N8Ib,-5.1,2180,255,157,0,8.1
N9Ib,-5,1990,255,157,0,8.0
C0Ib,-4.6,4669,255,231,193,8.3
C1Ib,-4.6,4371,255,222,172,8.8
C2Ib,-4.7,4073,255,214,150,9.2
C3Ib,-4.7,3776,255,206,129,9.7
C4Ib,-4.8,3478,255,198,107,10.2
C5Ib,-5,3180,255,190,86,10.6
C6Ib,-5.3,2883,255,182,64,10.0
C7Ib,-5.4,2585,255,173,43,9.3
C8Ib,-5.3,2288,255,165,21,8.7
C9Ib,-5.2,1990,255,157,0,8.0
WC0Ib,-6.5,50000,144,166,255,140.0
WC1Ib,-6.5,47600,146,168,255,139.0
WC2Ib,-6.5,45200,148,170,255,137.9
WC3Ib,-6.5,42800,151,172,255,136.9
WC4Ib,-6.5,40400,153,174,255,135.8
WC5Ib,-6.5,38000,155,176,255,125.6
WC6Ib,-6.4,35400,157,178,255,103.5
WC7Ib,-6.3,32800,160,181,255,86.7
WC8Ib,-6.2,30200,162,183,255,69.9
WC9Ib,-6.1,27600,164,185,255,54.5
WN0Ib,-6.5,50000,144,166,255,140.0
WN1Ib,-6.5,47600,146,168,255,139.0
WN2Ib,-6.5,45200,148,170,255,137.9
WN3Ib,-6.5,42800,151,172,255,136.9
WN4Ib,-6.5,40400,153,174,255,135.8
WN5Ib,-6.5,38000,155,176,255,125.6
WN6Ib,-6.4,35400,157,178,255,103.5
WN7Ib,-6.3,32800,160,181,255,86.7
WN8Ib,-6.2,30200,162,183,255,69.9
WN9Ib,-6.1,27600,164,185,255,54.5
O0II,-6.5,50000,144,166,255,130.0
O1II,-6.4,47800,146,168,255,128.6
O2II,-6.4,45600,148,170,255,127.2
O3II,-6.3,43400,149,173,255,125.8
O4II,-6.2,41200,151,175,255,124.4
O5II,-6.1,39000,153,177,255,109.2
O6II,-6.1,36800,155,179,255,86.9
O7II,-6,34600,156,181,255,72.5
O8II,-5.8,32400,158,183,255,58.2
O9II,-5.7,30200,160,186,255,45.9
B0II,-5.5,28000,162,188,255,33.8
B1II,-5.3,26190,163,190,255,29.7
B2II,-5.1,24380,165,192,255,25.5
B3II,-4.9,22570,168,193,255,21.4
B4II,-4.7,20760,172,194,255,18.4
B5II,-4.5,18950,175,195,255,15.5
B6II,-4.2,17140,177,196,255,14.2
B7II,-4,15330,179,198,255,12.9
B8II,-3.8,13520,181,199,255,11.7
B9II,-3.6,11710,182,201,255,10.5
A0II,-3.4,9900,184,202,255,9.4
A1II,-3.3,9650,186,204,255,8.9
A2II,-3.2,9400,188,205,255,8.5
A3II,-3,9150,190,207,255,8.1
A4II,-2.9,8900,192,208,255,7.7
A5II,-2.8,8650,194,210,255,7.2
A6II,-2.7,8400,196,211,255,7.2
A7II,-2.7,8150,197,213,255,7.2
A8II,-2.6,7900,199,214,255,7.2
A9II,-2.6,7650,201,216,255,7.1
F0II,-2.5,7400,203,217,255,7.1
F1II,-2.5,7260,216,225,255,6.8
F2II,-2.5,7120,229,233,255,6.5
F3II,-2.4,6980,235,237,255,6.3
F4II,-2.4,6840,241,241,255,6.0
F5II,-2.4,6700,247,242,255,5.7
F6II,-2.4,6560,253,249,255,5.7
F7II,-2.4,6420,255,250,251,5.6
F8II,-2.3,6280,255,248,245,5.6
F9II,-2.3,6140,255,246,239,5.6
G0II,-2.3,5743,255,244,233,2.1
G1II,-2.3,5474,255,243,227,2.2
G2II,-2.3,5206,255,241,221,2.3
G3II,-2.4,4937,255,239,215,2.4
G4II,-2.4,4669,255,237,209,2.5
G5II,-2.4,4400,255,235,203,2.6
G6II,-2.4,4343,255,233,198,2.7
G7II,-2.4,4286,255,231,194,2.8
G8II,-2.5,4229,255,229,189,2.9
G9II,-2.5,4171,255,227,184,3.0
K0II,-2.5,4114,255,226,180,3.1
K1II,-2.5,4057,255,224,175,3.3
K2II,-2.5,4000,255,222,170,3.4
K3II,-2.5,3900,255,220,166,3.6
K4II,-2.5,3800,255,218,161,3.8
K5II,-2.5,3700,255,216,156,3.9
K6II,-2.5,3717,255,214,152,4.2
K7II,-2.5,3733,255,212,147,4.4
K8II,-2.6,3750,255,210,142,4.6
K9II,-2.6,3725,255,209,138,4.9
M0II,-2.6,3700,255,207,133,8.2
M1II,-2.7,3510,255,205,128,7.8
M2II,-2.7,3320,255,203,124,7.4
M3II,-2.8,3130,255,201,119,7.1
M4II,-2.8,2940,255,199,114,6.7
M5II,-2.9,2750,255,197,110,6.4
M6II,-2.9,2560,255,195,105,6.3
M7II,-3,2370,255,193,100,6.2
M8II,-3,2180,255,192,96,6.1
M9II,-3,1990,255,190,91,6.0
R0II,-2.4,4669,255,237,209,6.5
R1II,-2.4,4561,255,234,201,6.7
R2II,-2.4,4453,255,230,192,6.8
R3II,-2.5,4346,255,227,184,7.0
R4II,-2.5,4238,255,223,175,7.2
R5II,-2.5,4130,255,220,167,7.4
R6II,-2.5,4023,255,217,158,7.6
R7II,-2.6,3915,255,213,150,7.8
R8II,-2.6,3808,255,210,141,8.0
R9II,-2.6,3700,255,207,133,8.2
S0II,-2.6,3700,255,207,133,8.2
S1II,-2.7,3510,255,205,128,7.8
S2II,-2.7,3320,255,203,124,7.4
S3II,-2.8,3130,255,201,119,7.1
S4II,-2.8,2940,255,199,114,6.7
S5II,-2.9,2750,255,197,110,6.4
S6II,-2.9,2560,255,195,105,6.3
S7II,-3,2370,255,193,100,6.2
S8II,-3,2180,255,192,96,6.1
S9II,-3,1990,255,190,91,6.0
N0II,-2.6,3700,255,207,133,8.2
N1II,-2.7,3510,255,205,128,7.8
N2II,-2.7,3320,255,203,124,7.4
N3II,-2.8,3130,255,201,119,7.1
N4II,-2.8,2940,255,199,114,6.7
N5II,-2.9,2750,255,197,110,6.4
N6II,-2.9,2560,255,195,105,6.3
N7II,-3,2370,255,193,100,6.2
N8II,-3,2180,255,192,96,6.1
N9II,-3,1990,255,190,91,6.0
C0II,-2.4,4669,255,237,209,6.5
C1II,-2.4,4371,255,232,196,6.8
C2II,-2.5,4073,255,226,183,7.1
C3II,-2.6,3776,255,221,170,7.4
C4II,-2.7,3478,255,216,157,7.8
C5II,-2.7,3180,255,211,143,8.1
C6II,-2.8,2883,255,205,130,7.6
C7II,-2.9,2585,255,200,117,7.1
C8II,-2.9,2288,255,195,104,6.6
C9II,-3,1990,255,190,91,6.0
WC0II,-6.5,50000,144,166,255,130.0
WC1II,-6.4,47800,146,168,255,128.6
WC2II,-6.4,45600,148,170,255,127.2
WC3II,-6.3,43400,149,173,255,125.8
WC4II,-6.2,41200,151,175,255,124.4
WC5II,-6.1,39000,153,177,255,109.2
WC6II,-6.1,36800,155,179,255,86.9
WC7II,-6,34600,156,181,255,72.5
WC8II,-5.8,32400,158,183,255,58.2
WC9II,-5.7,30200,160,186,255,45.9
WN0II,-6.5,50000,144,166,255,130.0
WN1II,-6.4,47800,146,168,255,128.6
WN2II,-6.4,45600,148,170,255,127.2
WN3II,-6.3,43400,149,173,255,125.8
WN4II,-6.2,41200,151,175,255,124.4
WN5II,-6.1,39000,153,177,255,109.2
WN6II,-6.1,36800,155,179,255,86.9
WN7II,-6,34600,156,181,255,72.5
WN8II,-5.8,32400,158,183,255,58.2
WN9II,-5.7,30200,160,186,255,45.9
O0III,-6.5,50000,144,166,255,120.0
O1III,-6.3,47800,146,168,255,118.2
O2III,-6.2,45600,148,169,255,116.5
O3III,-6,43400,150,171,255,114.7
O4III,-5.9,41200,152,172,255,112.9
O5III,-5.7,39000,154,174,255,92.8
O6III,-5.5,36800,156,175,255,70.2
O7III,-5.4,34600,158,177,255,58.4
O8III,-5.2,32400,157,178,255,46.5
O9III,-5.1,30200,158,177,255,37.3
B0III,-4.9,28000,158,177,255,28.4
B1III,-4.3,26190,158,177,255,24.5
B2III,-3.8,24380,159,180,255,20.6
B3III,-3.2,22570,163,187,255,16.8
B4III,-2.7,20760,166,188,255,14.5
B5III,-2.1,18950,168,189,255,12.3
B6III,-1.7,17140,170,190,255,11.2
B7III,-1.4,15330,171,191,255,10.1
B8III,-1,13520,175,193,255,9.0
B9III,-0.7,11710,178,195,255,8.1
A0III,-0.3,9900,188,205,255,7.2
A1III,-0.1,9650,188,204,255,6.9
A2III,0.1,9400,189,204,255,6.5
A3III,0.2,9150,189,203,255,6.2
A4III,0.4,8900,196,209,255,5.8
A5III,0.6,8650,202,215,255,5.4
A6III,0.8,8400,209,219,255,5.4
A7III,1,8150,210,219,255,5.4
A8III,1.1,7900,209,219,255,5.4
A9III,1.3,7650,209,219,255,5.3
F0III,1.5,7400,213,222,255,5.3
F1III,1.5,7260,227,232,255,5.1
F2III,1.6,7120,241,241,255,4.9
F3III,1.6,6980,241,241,255,4.7
F4III,1.6,6840,241,240,255,4.5
F5III,1.5,6700,242,240,255,4.3
F6III,1.4,6560,241,240,255,4.2
F7III,1.3,6420,241,240,255,4.2
F8III,1.2,6280,252,248,255,4.1
F9III,1.1,6140,255,246,245,4.1
G0III,1,5743,255,242,233,1.8
G1III,0.9,5474,255,243,233,1.8
G2III,0.8,5206,255,243,233,1.9
G3III,0.6,4937,255,243,233,1.9
G4III,0.5,4669,255,243,233,2.0
G5III,0.4,4400,255,236,211,2.0
G6III,0.4,4343,255,236,215,2.1
G7III,0.4,4286,255,234,207,2.2
G8III,0.5,4229,255,231,199,2.2
G9III,0.5,4171,255,231,196,2.3
K0III,0.5,4114,255,227,190,2.3
K1III,0.4,4057,255,223,181,2.4
K2III,0.2,4000,255,221,175,2.5
K3III,0.1,3900,255,216,167,2.6
K4III,-0.1,3800,255,211,146,2.7
K5III,-0.2,3700,255,204,138,2.8
K6III,-0.3,3717,255,206,140,3.0
K7III,-0.4,3733,255,208,142,3.1
K8III,-0.5,3750,255,206,139,3.3
K9III,-0.6,3725,255,205,135,3.4
M0III,-0.7,3700,255,203,132,5.6
M1III,-0.7,3510,255,200,121,5.3
M2III,-0.6,3320,255,198,118,5.1
M3III,-0.6,3130,255,200,119,4.8
M4III,-0.5,2940,255,206,127,4.6
M5III,-0.5,2750,255,197,124,4.3
M6III,-0.4,2560,255,178,121,4.2
M7III,-0.3,2370,255,165,97,4.2
M8III,-0.1,2180,255,167,97,4.1
M9III,0,1990,255,233,154,4.1
R0III,0.5,4669,255,243,233,4.6
R1III,0.4,4561,255,239,222,4.7
R2III,0.2,4453,255,234,211,4.8
R3III,0.1,4346,255,230,199,5.0
R4III,0,4238,255,225,188,5.1
R5III,-0.2,4130,255,221,177,5.2
R6III,-0.3,4023,255,216,166,5.3
R7III,-0.4,3915,255,212,154,5.4
R8III,-0.6,3808,255,207,143,5.5
R9III,-0.7,3700,255,203,132,5.6
S0III,-0.7,3700,255,203,132,5.6
S1III,-0.7,3510,255,200,121,5.3
S2III,-0.6,3320,255,198,118,5.1
S3III,-0.6,3130,255,200,119,4.8
S4III,-0.5,2940,255,206,127,4.6
S5III,-0.5,2750,255,197,124,4.3
S6III,-0.4,2560,255,178,121,4.2
S7III,-0.3,2370,255,165,97,4.2
S8III,-0.1,2180,255,167,97,4.1
S9III,0,1990,255,233,154,4.1
N0III,-0.7,3700,255,203,132,5.6
N1III,-0.7,3510,255,200,121,5.3
N2III,-0.6,3320,255,198,118,5.1
N3III,-0.6,3130,255,200,119,4.8
N4III,-0.5,2940,255,206,127,4.6
N5III,-0.5,2750,255,197,124,4.3
N6III,-0.4,2560,255,178,121,4.2
N7III,-0.3,2370,255,165,97,4.2
N8III,-0.1,2180,255,167,97,4.1
N9III,0,1990,255,233,154,4.1
C0III,0.5,4669,255,243,233,4.6
C1III,0.3,4371,255,242,224,4.8
C2III,0.1,4073,255,241,215,5.0
C3III,-0.1,3776,255,240,207,5.2
C4III,-0.3,3478,255,239,198,5.4
C5III,-0.5,3180,255,237,189,5.5
C6III,-0.7,2883,255,236,180,5.2
C7III,-0.5,2585,255,235,172,4.8
C8III,-0.2,2288,255,234,163,4.4
C9III,0,1990,255,233,154,4.1
WC0III,-6.5,50000,144,166,255,120.0
WC1III,-6.3,47800,146,168,255,118.2
WC2III,-6.2,45600,148,169,255,116.5
WC3III,-6,43400,150,171,255,114.7
WC4III,-5.9,41200,152,172,255,112.9
WC5III,-5.7,39000,154,174,255,92.8
WC6III,-5.5,36800,156,175,255,70.2
WC7III,-5.4,34600,158,177,255,58.4
WC8III,-5.2,32400,157,178,255,46.5
WC9III,-5.1,30200,158,177,255,37.3
WN0III,-6.5,50000,144,166,255,120.0
WN1III,-6.3,47800,146,168,255,118.2
WN2III,-6.2,45600,148,169,255,116.5
WN3III,-6,43400,150,171,255,114.7
WN4III,-5.9,41200,152,172,255,112.9
WN5III,-5.7,39000,154,174,255,92.8
WN6III,-5.5,36800,156,175,255,70.2
WN7III,-5.4,34600,158,177,255,58.4
WN8III,-5.2,32400,157,178,255,46.5
WN9III,-5.1,30200,158,177,255,37.3
O0IV,-6,50000,144,166,255,110.0
O1IV,-5.9,47800,145,167,255,107.9
O2IV,-5.8,45600,146,169,255,105.7
O3IV,-5.7,43400,148,170,255,103.6
O4IV,-5.6,41200,149,171,255,101.5
O5IV,-5.5,39000,150,172,255,76.4
O6IV,-5.3,36800,151,174,255,53.6
O7IV,-5.1,34600,152,175,255,44.2
O8IV,-4.9,32400,153,176,255,34.7
O9IV,-4.7,30200,155,177,255,28.6
B0IV,-4.5,28000,156,179,255,22.9
B1IV,-3.9,26190,157,180,255,19.4
B2IV,-3.4,24380,159,179,255,15.8
B3IV,-2.8,22570,166,188,255,12.2
B4IV,-2.3,20760,169,190,255,10.6
B5IV,-1.7,18950,172,192,255,9.1
B6IV,-1.3,17140,175,194,255,8.2
B7IV,-0.9,15330,170,189,255,7.3
B8IV,-0.5,13520,175,193,255,6.4
B9IV,-0.1,11710,180,197,255,5.7
A0IV,0.3,9900,179,197,255,5.1
A1IV,0.5,9650,183,200,255,4.8
A2IV,0.7,9400,186,202,255,4.5
A3IV,1,9150,190,205,255,4.3
A4IV,1.2,8900,195,210,255,4.0
A5IV,1.4,8650,212,220,255,3.7
A6IV,1.6,8400,202,214,255,3.6
A7IV,1.7,8150,192,207,255,3.6
A8IV,1.9,7900,208,217,255,3.6
A9IV,2,7650,224,227,255,3.5
F0IV,2.2,7400,218,224,255,3.4
F1IV,2.1,7260,223,227,255,3.3
F2IV,1.9,7120,227,230,255,3.2
F3IV,1.8,6980,227,230,255,3.1
F4IV,1.6,6840,234,235,255,3.0
F5IV,1.5,6700,241,239,255,2.8
F6IV,1.8,6560,241,239,255,2.8
F7IV,2.1,6420,240,239,255,2.7
F8IV,2.3,6280,255,252,253,2.7
F9IV,2.6,6140,255,250,249,2.6
G0IV,2.9,6000,255,248,245,1.4
G1IV,2.9,5890,255,246,244,1.4
G2IV,2.9,5780,255,244,242,1.4
G3IV,3,5670,255,238,226,1.5
G4IV,3,5560,255,245,238,1.5
G5IV,3,5450,255,235,213,1.5
G6IV,3,5340,255,242,234,1.5
G7IV,3,5230,255,231,205,1.5
G8IV,3.1,5120,255,233,211,1.5
G9IV,3.1,5010,255,229,200,1.6
K0IV,3.1,4900,255,225,189,1.6
K1IV,3.1,4760,255,216,171,1.6
K2IV,3.1,4620,255,229,202,1.6
K3IV,3.1,4480,255,219,167,1.7
K4IV,3.1,4340,255,218,166,1.7
K5IV,3.2,4200,255,217,165,1.8
K6IV,3.2,4060,255,216,164,1.8
K7IV,3.2,3920,255,216,163,1.9
K8IV,3.2,3780,255,215,162,1.9
K9IV,3.2,3640,255,214,161,2.0
M0IV,3.2,3500,255,213,160,3.1
M1IV,3.2,3333,255,212,159,2.9
M2IV,3.2,3167,255,211,157,2.7
M3IV,3.2,3000,255,210,156,2.6
M4IV,3.2,2833,255,209,155,2.4
M5IV,3.3,2667,255,209,154,2.3
M6IV,3.3,2500,255,208,153,2.2
M7IV,3.3,2333,255,207,152,2.1
M8IV,3.3,2167,255,206,151,2.1
M9IV,3.3,2000,255,205,150,2.1
R0IV,3,5560,255,245,238,2.8
R1IV,3,5331,255,241,229,2.8
R2IV,3,5102,255,238,221,2.8
R3IV,3.1,4873,255,234,212,2.9
R4IV,3.1,4644,255,231,203,2.9
R5IV,3.1,4416,255,227,194,2.9
R6IV,3.1,4187,255,224,186,3.0
R7IV,3.2,3958,255,220,177,3.0
R8IV,3.2,3729,255,216,168,3.0
R9IV,3.2,3500,255,213,160,3.1
S0IV,3.2,3500,255,213,160,3.1
S1IV,3.2,3333,255,212,159,2.9
S2IV,3.2,3167,255,211,157,2.7
S3IV,3.2,3000,255,210,156,2.6
S4IV,3.2,2833,255,209,155,2.4
S5IV,3.3,2667,255,209,154,2.3
S6IV,3.3,2500,255,208,153,2.2
S7IV,3.3,2333,255,207,152,2.1
S8IV,3.3,2167,255,206,151,2.1
S9IV,3.3,2000,255,205,150,2.1
N0IV,3.2,3500,255,213,160,3.1
N1IV,3.2,3333,255,212,159,2.9
N2IV,3.2,3167,255,211,157,2.7
N3IV,3.2,3000,255,210,156,2.6
N4IV,3.2,2833,255,209,155,2.4
N5IV,3.3,2667,255,209,154,2.3
N6IV,3.3,2500,255,208,153,2.2
N7IV,3.3,2333,255,207,152,2.1
N8IV,3.3,2167,255,206,151,2.1
N9IV,3.3,2000,255,205,150,2.1
C0IV,3,5560,255,245,238,2.8
C1IV,3,5164,255,241,228,2.8
C2IV,3.1,4769,255,236,218,2.9
C3IV,3.1,4373,255,232,209,2.9
C4IV,3.1,3978,255,227,199,3.0
C5IV,3.2,3582,255,223,189,3.0
C6IV,3.2,3187,255,218,179,2.8
C7IV,3.2,2791,255,214,170,2.5
C8IV,3.3,2396,255,209,160,2.3
C9IV,3.3,2000,255,205,150,2.1
WC0IV,-6,50000,144,166,255,110.0
WC1IV,-5.9,47800,145,167,255,107.9
WC2IV,-5.8,45600,146,169,255,105.7
WC3IV,-5.7,43400,148,170,255,103.6
WC4IV,-5.6,41200,149,171,255,101.5
WC5IV,-5.5,39000,150,172,255,76.4
WC6IV,-5.3,36800,151,174,255,53.6
WC7IV,-5.1,34600,152,175,255,44.2
WC8IV,-4.9,32400,153,176,255,34.7
WC9IV,-4.7,30200,155,177,255,28.6
WN0IV,-6,50000,144,166,255,110.0
WN1IV,-5.9,47800,145,167,255,107.9
WN2IV,-5.8,45600,146,169,255,105.7
WN3IV,-5.7,43400,148,170,255,103.6
WN4IV,-5.6,41200,149,171,255,101.5
WN5IV,-5.5,39000,150,172,255,76.4
WN6IV,-5.3,36800,151,174,255,53.6
WN7IV,-5.1,34600,152,175,255,44.2
WN8IV,-4.9,32400,153,176,255,34.7
WN9IV,-4.7,30200,155,177,255,28.6
O0V,-5.9,50000,144,166,255,100.0
O1V,-5.8,47800,146,168,255,97.5
O2V,-5.7,45600,148,170,255,95.0
O3V,-5.6,43400,151,172,255,92.5
O4V,-5.5,41200,153,174,255,90.0
O5V,-5.4,39000,155,176,255,60.0
O6V,-5.1,36800,162,184,255,37.0
O7V,-4.7,34600,157,177,255,30.0
O8V,-4.4,32400,157,177,255,23.0
O9V,-4,30200,154,178,255,20.0
B0V,-3.7,28000,156,178,255,17.5
B1V,-3.2,26190,160,182,255,14.2
B2V,-2.6,24380,160,180,255,10.9
B3V,-2.1,22570,165,185,255,7.6
B4V,-1.5,20760,164,184,255,6.7
B5V,-1,18950,170,191,255,5.9
B6V,-0.7,17140,172,189,255,5.2
B7V,-0.4,15330,173,191,255,4.5
B8V,0,13520,177,195,255,3.8
B9V,0.3,11710,181,198,255,3.4
A0V,0.6,9900,185,201,255,2.9
A1V,0.9,9650,181,199,255,2.7
A2V,1.1,9400,187,203,255,2.5
A3V,1.4,9150,191,207,255,2.4
A4V,1.6,8900,197,211,255,2.1
A5V,1.9,8650,202,215,255,1.9
A6V,2,8400,199,212,255,1.8
A7V,2.2,8150,200,213,255,1.8
A8V,2.3,7900,213,222,255,1.8
A9V,2.5,7650,219,224,255,1.7
F0V,2.6,7400,224,229,255,1.6
F1V,2.8,7260,230,234,255,1.6
F2V,2.9,7120,236,239,255,1.5
F3V,3.1,6980,230,233,255,1.5
F4V,3.2,6840,224,226,255,1.4
F5V,3.4,6700,248,247,255,1.4
F6V,3.6,6560,244,241,255,1.3
F7V,3.8,6420,246,243,255,1.3
F8V,3.9,6280,255,247,252,1.2
F9V,4.1,6140,255,247,252,1.1
G0V,4.3,6000,255,248,252,1.1
G1V,4.5,5890,255,247,248,1.0
G2V,4.7,5780,255,245,242,1.0
G3V,4.8,5670,255,243,236,1.0
G4V,5,5560,255,241,229,0.9
G5V,5.2,5450,255,244,234,0.9
G6V,5.3,5340,255,244,235,0.9
G7V,5.5,5230,255,244,235,0.9
G8V,5.6,5120,255,237,222,0.8
G9V,5.8,5010,255,239,221,0.8
K0V,5.9,4900,255,238,221,0.8
K1V,6.2,4760,255,224,188,0.8
K2V,6.4,4620,255,227,196,0.7
K3V,6.7,4480,255,222,195,0.7
K4V,6.9,4340,255,216,181,0.7
K5V,7.2,4200,255,210,161,0.7
K6V,7.6,4060,255,205,152,0.6
K7V,7.9,3920,255,199,142,0.6
K8V,8.3,3780,255,209,174,0.6
K9V,8.6,3640,255,202,157,0.5
M0V,9,3500,255,195,139,0.5
M1V,10.1,3333,255,204,142,0.5
M2V,11.2,3167,255,196,131,0.4
M3V,12.3,3000,255,206,129,0.3
M4V,13.4,2833,255,201,127,0.3
M5V,14.6,2667,255,204,111,0.2
M6V,15.7,2500,255,195,112,0.2
M7V,16.8,2333,255,197,111,0.1
M8V,17.9,2167,255,198,109,0.1
M9V,19,2000,255,198,108,0.1
R0V,5,5560,255,241,229,0.9
R1V,5.3,5331,255,238,222,0.9
R2V,5.6,5102,255,235,216,0.8
R3V,5.9,4873,255,233,209,0.8
R4V,6.1,4644,255,230,203,0.8
R5V,6.4,4416,255,227,196,0.7
R6V,6.7,4187,255,219,182,0.7
R7V,7.5,3958,255,211,168,0.6
R8V,8.2,3729,255,203,153,0.6
R9V,9,3500,255,195,139,0.5
S0V,9,3500,255,195,139,0.5
S1V,10.1,3333,255,204,142,0.5
S2V,11.2,3167,255,196,131,0.4
S3V,12.3,3000,255,206,129,0.3
S4V,13.4,2833,255,201,127,0.3
S5V,14.6,2667,255,204,111,0.2
S6V,15.7,2500,255,195,112,0.2
S7V,16.8,2333,255,197,111,0.1
S8V,17.9,2167,255,198,109,0.1
S9V,19,2000,255,198,108,0.1
N0V,9,3500,255,195,139,0.5
N1V,10.1,3333,255,204,142,0.5
N2V,11.2,3167,255,196,131,0.4
N3V,12.3,3000,255,206,129,0.3
N4V,13.4,2833,255,201,127,0.3
N5V,14.6,2667,255,204,111,0.2
N6V,15.7,2500,255,195,112,0.2
N7V,16.8,2333,255,197,111,0.1
N8V,17.9,2167,255,198,109,0.1
N9V,19,2000,255,198,108,0.1
C0V,5,5560,255,241,229,0.9
C1V,5.6,5164,255,235,218,0.8
C2V,6.7,4769,255,228,207,0.8
C3V,7.9,4373,255,222,196,0.7
C4V,9,3978,255,215,185,0.6
C5V,12.3,3582,255,209,174,0.5
C6V,14.6,3187,255,206,158,0.4
C7V,16.8,2791,255,204,141,0.3
C8V,17.9,2396,255,201,125,0.2
C9V,19,2000,255,198,108,0.1
WC0V,-5.9,50000,144,166,255,100.0
WC1V,-5.8,47800,146,168,255,97.5
WC2V,-5.7,45600,148,170,255,95.0
WC3V,-5.6,43400,151,172,255,92.5
WC4V,-5.5,41200,153,174,255,90.0
WC5V,-5.4,39000,155,176,255,60.0
WC6V,-5.1,36800,162,184,255,37.0
WC7V,-4.7,34600,157,177,255,30.0
WC8V,-4.4,32400,157,177,255,23.0
WC9V,-4,30200,154,178,255,20.0
WN0V,-5.9,50000,144,166,255,100.0
WN1V,-5.8,47800,146,168,255,97.5
WN2V,-5.7,45600,148,170,255,95.0
WN3V,-5.6,43400,151,172,255,92.5
WN4V,-5.5,41200,153,174,255,90.0
WN5V,-5.4,39000,155,176,255,60.0
WN6V,-5.1,36800,162,184,255,37.0
WN7V,-4.7,34600,157,177,255,30.0
WN8V,-4.4,32400,157,177,255,23.0
WN9V,-4,30200,154,178,255,20.0
O0VI,-5.6,50000,144,166,255,60.0
O1VI,-5.5,47800,146,168,255,37.0
O2VI,-5.4,45600,148,170,255,30.0
O3VI,-5.3,43400,151,172,255,23.0
O4VI,-5.2,41200,153,174,255,20.0
O5VI,-5.1,39000,155,176,255,17.5
O6VI,-4.7,36800,162,184,255,14.2
O7VI,-4.3,34600,157,177,255,10.9
O8VI,-3.8,32400,157,177,255,7.6
O9VI,-3.4,30200,154,178,255,6.7
B0VI,-3,28000,156,178,255,5.9
B1VI,-2.5,26190,160,182,255,5.2
B2VI,-2,24380,160,180,255,4.5
B3VI,-1.4,22570,165,185,255,3.8
B4VI,-0.9,20760,164,184,255,3.4
B5VI,-0.4,18950,170,191,255,2.9
B6VI,0,17140,172,189,255,2.7
B7VI,0.4,15330,173,191,255,2.5
B8VI,0.8,13520,177,195,255,2.4
B9VI,1.2,11710,181,198,255,2.1
A0VI,1.6,9900,185,201,255,1.9
A1VI,1.9,9650,181,199,255,1.8
A2VI,2.1,9400,187,203,255,1.8
A3VI,2.4,9150,191,207,255,1.8
A4VI,2.6,8900,197,211,255,1.7
A5VI,2.9,8650,202,215,255,1.6
A6VI,3.1,8400,199,212,255,1.6
A7VI,3.3,8150,200,213,255,1.5
A8VI,3.5,7900,213,222,255,1.5
A9VI,3.7,7650,219,224,255,1.4
F0VI,3.9,7400,224,229,255,1.4
F1VI,4.1,7260,230,234,255,1.3
F2VI,4.3,7120,236,239,255,1.3
F3VI,4.4,6980,230,233,255,1.2
F4VI,4.6,6840,224,226,255,1.1
F5VI,4.8,6700,248,247,255,1.1
F6VI,5,6560,244,241,255,1.0
F7VI,5.1,6420,246,243,255,1.0
F8VI,5.3,6280,255,247,252,1.0
F9VI,5.4,6140,255,247,252,0.9
G0VI,5.6,6000,255,248,252,0.9
G1VI,5.8,5890,255,247,248,0.9
G2VI,6,5780,255,245,242,0.9
G3VI,6.1,5670,255,243,236,0.8
G4VI,6.3,5560,255,241,229,0.8
G5VI,6.5,5450,255,244,234,0.8
G6VI,6.7,5340,255,244,235,0.8
G7VI,6.8,5230,255,244,235,0.7
G8VI,7,5120,255,237,222,0.7
G9VI,7.1,5010,255,239,221,0.7
K0VI,7.3,4900,255,238,221,0.7
K1VI,7.5,4760,255,224,188,0.6
K2VI,7.7,4620,255,227,196,0.6
K3VI,8,4480,255,222,195,0.6
K4VI,8.2,4340,255,216,181,0.5
K5VI,8.4,4200,255,210,161,0.5
K6VI,8.7,4060,255,205,152,0.5
K7VI,9,3920,255,199,142,0.4
K8VI,9.4,3780,255,209,174,0.3
K9VI,9.9,3640,255,202,157,0.3
M0VI,10.3,3500,255,195,139,0.2
M1VI,11.4,3333,255,204,142,0.2
M2VI,12.6,3167,255,196,131,0.2
M3VI,13.7,3000,255,206,129,0.2
M4VI,14.9,2833,255,201,127,0.1
M5VI,16,2667,255,204,111,0.1
M6VI,16.8,2500,255,195,112,0.1
M7VI,17.5,2333,255,197,111,0.1
M8VI,18.3,2167,255,198,109,0.1
M9VI,19,2000,255,198,108,0.1
R0VI,6.3,5560,255,241,229,0.8
R1VI,6.7,5331,255,238,222,0.7
R2VI,7,5102,255,235,216,0.7
R3VI,7.3,4873,255,233,209,0.6
R4VI,7.7,4644,255,230,203,0.6
R5VI,8.2,4416,255,227,196,0.5
R6VI,8.7,4187,255,219,182,0.4
R7VI,9.4,3958,255,211,168,0.4
R8VI,9.9,3729,255,203,153,0.3
R9VI,10.3,3500,255,195,139,0.2
S0VI,10.3,3500,255,195,139,0.2
S1VI,11.4,3333,255,204,142,0.2
S2VI,12.6,3167,255,196,131,0.2
S3VI,13.7,3000,255,206,129,0.2
S4VI,14.9,2833,255,201,127,0.1
S5VI,16,2667,255,204,111,0.1
S6VI,16.8,2500,255,195,112,0.1
S7VI,17.5,2333,255,197,111,0.1
S8VI,18.3,2167,255,198,109,0.1
S9VI,19,2000,255,198,108,0.1
N0VI,10.3,3500,255,195,139,0.2
N1VI,11.4,3333,255,204,142,0.2
N2VI,12.6,3167,255,196,131,0.2
N3VI,13.7,3000,255,206,129,0.2
N4VI,14.9,2833,255,201,127,0.1
N5VI,16,2667,255,204,111,0.1
N6VI,16.8,2500,255,195,112,0.1
N7VI,17.5,2333,255,197,111,0.1
N8VI,18.3,2167,255,198,109,0.1
N9VI,19,2000,255,198,108,0.1
C0VI,6.3,5560,255,241,229,0.8
C1VI,7,5164,255,235,218,0.7
C2VI,7.5,4769,255,228,207,0.7
C3VI,8.2,4373,255,222,196,0.6
C4VI,9,3978,255,215,185,0.5
C5VI,10.3,3582,255,209,174,0.4
C6VI,13.7,3187,255,206,158,0.3
C7VI,16.8,2791,255,204,141,0.3
C8VI,18.3,2396,255,201,125,0.2
C9VI,19,2000,255,198,108,0.1
WC0VI,-5.6,50000,144,166,255,60.0
WC1VI,-5.5,47800,146,168,255,37.0
WC2VI,-5.4,45600,148,170,255,30.0
WC3VI,-5.3,43400,151,172,255,23.0
WC4VI,-5.2,41200,153,174,255,20.0
WC5VI,-5.1,39000,155,176,255,17.5
WC6VI,-4.7,36800,162,184,255,14.2
WC7VI,-4.3,34600,157,177,255,10.9
WC8VI,-3.8,32400,157,177,255,7.6
WC9VI,-3.4,30200,154,178,255,6.7
WN0VI,-5.6,50000,144,166,255,60.0
WN1VI,-5.5,47800,146,168,255,37.0
WN2VI,-5.4,45600,148,170,255,30.0
WN3VI,-5.3,43400,151,172,255,23.0
WN4VI,-5.2,41200,153,174,255,20.0
WN5VI,-5.1,39000,155,176,255,17.5
WN6VI,-4.7,36800,162,184,255,14.2
WN7VI,-4.3,34600,157,177,255,10.9
WN8VI,-3.8,32400,157,177,255,7.6
WN9VI,-3.4,30200,154,178,255,6.7
DA0,10.2,100000,155,178,255,1.1
DA1,10.8,50400,159,181,255,0.9
DA2,11.4,25200,168,189,255,0.8
DA3,11.9,16800,179,197,255,0.7
DA4,12.5,12600,192,207,255,0.6
DA5,13.1,10080,207,218,255,0.5
DA6,13.7,8400,224,230,255,0.4
DA7,14.2,7200,243,243,255,0.3
DA8,14.8,6300,255,247,245,0.2
DA9,15.4,5600,255,239,225,0.1
DB0,10.2,100000,155,178,255,1.1
DB1,10.8,50400,159,181,255,0.9
DB2,11.4,25200,168,189,255,0.8
DB3,11.9,16800,179,197,255,0.7
DB4,12.5,12600,192,207,255,0.6
DB5,13.1,10080,207,218,255,0.5
DB6,13.7,8400,224,230,255,0.4
DB7,14.2,7200,243,243,255,0.3
DB8,14.8,6300,255,247,245,0.2
DB9,15.4,5600,255,239,225,0.1
DC0,10.2,100000,155,178,255,1.1
DC1,10.8,50400,159,181,255,0.9
DC2,11.4,25200,168,189,255,0.8
DC3,11.9,16800,179,197,255,0.7
DC4,12.5,12600,192,207,255,0.6
DC5,13.1,10080,207,218,255,0.5
DC6,13.7,8400,224,230,255,0.4
DC7,14.2,7200,243,243,255,0.3
DC8,14.8,6300,255,247,245,0.2
DC9,15.4,5600,255,239,225,0.1
DO0,10.2,100000,155,178,255,1.1
DO1,10.8,50400,159,181,255,0.9
DO2,11.4,25200,168,189,255,0.8
DO3,11.9,16800,179,197,255,0.7
DO4,12.5,12600,192,207,255,0.6
DO5,13.1,10080,207,218,255,0.5
DO6,13.7,8400,224,230,255,0.4
DO7,14.2,7200,243,243,255,0.3
DO8,14.8,6300,255,247,245,0.2
DO9,15.4,5600,255,239,225,0.1
DZ0,10.2,100000,155,178,255,1.1
DZ1,10.8,50400,159,181,255,0.9
DZ2,11.4,25200,168,189,255,0.8
DZ3,11.9,16800,179,197,255,0.7
DZ4,12.5,12600,192,207,255,0.6
DZ5,13.1,10080,207,218,255,0.5
DZ6,13.7,8400,224,230,255,0.4
DZ7,14.2,7200,243,243,255,0.3
DZ8,14.8,6300,255,247,245,0.2
DZ9,15.4,5600,255,239,225,0.1
DQ0,10.2,100000,155,178,255,1.1
DQ1,10.8,50400,159,181,255,0.9
DQ2,11.4,25200,168,189,255,0.8
DQ3,11.9,16800,179,197,255,0.7
DQ4,12.5,12600,192,207,255,0.6
DQ5,13.1,10080,207,218,255,0.5
DQ6,13.7,8400,224,230,255,0.4
DQ7,14.2,7200,243,243,255,0.3
DQ8,14.8,6300,255,247,245,0.2
DQ9,15.4,5600,255,239,225,0.1